{
  "project_info": {
    "project_number": "606465033958",
    "firebase_url": "https://safetyfirst-cee41.firebaseio.com",
    "project_id": "safetyfirst-cee41",
    "storage_bucket": "safetyfirst-cee41.appspot.com"
  },
  "client": [
    {
      "client_info": {
        "mobilesdk_app_id": "1:606465033958:android:b9957704402a5507",
        "android_client_info": {
          "package_name": "com.dichvudacbiet.safetyfirst"
        }
      },
      "oauth_client": [
        {
          "client_id": "606465033958-9ssui68coeuhbcdbramd0drg808589b3.apps.googleusercontent.com",
          "client_type": 3
        }
      ],
      "api_key": [
        {
          "current_key": "AIzaSyDuY8TOOIA7VNxgWnH7xxeKwP89NleQ-KI"
        }
      ],
      "services": {
        "analytics_service": {
          "status": 1
        },
        "appinvite_service": {
          "status": 1,
          "other_platform_oauth_client": []
        },
        "ads_service": {
          "status": 2
        }
      }
    }
  ],
  "configuration_version": "1"
}